{
    "Profiles" :
    [
        {
            "Name" : "General Profile",
            "FileName" : "GeneralProfile.wprp"
        },
        {
            "Name" : "Windows Runtime Errors Profile",
            "FileName" : "winrtprofile.wprp"
        },
        {
            "Name" : "Bluetooth Profile",
            "FileName" : "bluetoothprofile.wprp"
        },
        {
            "Name" : "Windows Mixed Reality Profile",
            "FileName" : "WindowsMixedReality.wprp"
        }
    ]
}
